city,country,hot_temperature,temperature_diff,avg_20th_cent,avg_21st_cent,hot_days_avg_20th_cent,hot_days_avg_21st_cent,freeze_days_avg_20th_cent,freeze_days_avg_21st_cent,school_hot_days_avg_20th_cent,school_hot_days_avg_21th_cent,lat,lon,size,climate_zone
A Coruña,ES,20,0.4115,14.066,14.478,7.75,11.833,0,0,0,0.056,43.1538815,-8.580941805,,Mediterranean
Aachen,DE,23,0.8979,9.521,10.419,2.68,6.333,22.42,14.278,0.43,1.833,50.776351,6.083862,,Oceanic
Aalborg,DK,21,1.0395,7.914,8.954,1.05,4.333,32.55,24.056,0,0.056,57.0482206,9.9193939,,Oceanic
Aarhus,DK,21,1.2187,7.636,8.854,0.97,4.778,37.85,24.889,0,0.111,56.1496278,10.2134046,big,Oceanic
Aberdeen City,GB,17,0.393,8.692,9.085,3.29,7.944,2.3,2.222,0,0,57.15554295,-2.167945912,,Oceanic
Ajaccio,FR,26,1.0764,15.23,16.306,1.73,14.444,0.03,0,4.11,11.389,41.9263991,8.7376029,,Mediterranean
Alba Iulia,RO,25,1.1343,7.972,9.107,0.27,2.056,61.1,51.333,0.46,2.889,46.0687385,23.5704398,,Oceanic
Albacete,ES,27,1.1259,13.791,14.917,2.96,6.389,1.24,0.389,3.3,7.833,38.9951049,-1.8559613,,Semi-arid
Albi,FR,24,1.0259,11.052,12.078,4.18,11.444,10.07,7.722,1.26,4.944,43.9277552,2.147899,,Oceanic
Alcalá de Henares,ES,27,1.3571,12.241,13.598,2.44,12.889,5.32,1.944,1.95,8,40.4818396,-3.3644973,,Mediterranean
Alcoy,ES,27,0.9542,15.065,16.019,3.95,3.833,0.24,0.056,4.41,8.778,38.6982275,-0.4747767,,Mediterranean
Alessandria,IT,26,1.1968,10.764,11.961,0.45,2.778,22.15,9.722,0.42,2.167,44.9129225,8.615321,,Mediterranean
Algeciras,ES,26,0.7042,17.42,18.124,4.12,8.111,0,0,5.2,9.833,36.1310804,-5.4487055,,Mediterranean
Alicante,ES,30,0.9702,17.086,18.056,1.6,1.278,0.01,0,12.84,20.944,38.353738,-0.4901846,big,Semi-arid
Almería,ES,28,0.7352,18.075,18.81,0.55,5.722,0,0,7.83,20.056,36.8414197,-2.4628135,,Semi-arid
Altamura,IT,28,0.8335,14.961,15.794,2.56,8.944,0.41,0.333,5.55,7.222,40.8283631,16.5523505,,Humid subtropical
Amiens,FR,22,0.9269,10.178,11.105,4.1,6.389,13.05,7.778,0.27,1.056,49.8941708,2.2956951,,Oceanic
Amsterdam,NL,21,0.9357,9.762,10.698,2.29,6.389,11.86,6.833,0.01,0.444,52.3745403,4.897975506,bigger,Oceanic
Ancona,IT,27,1.2074,13.519,14.727,0.62,11.944,2.56,1.333,1.86,5.444,43.6170137,13.5170982,,Humid subtropical
Angers,FR,23,0.7897,11.486,12.275,6.63,9.389,8.54,4.889,1.05,2.333,47.4739884,-0.5515588,,Oceanic
Angoulême,FR,24,0.8261,12.034,12.86,6.18,10.667,7.25,5.5,2.19,4.556,45.6496755,0.1568658,,Oceanic
Annecy,FR,22,0.9334,7.517,8.45,1.76,7.556,45.41,39.111,0.05,1.667,45.88975045,6.1354651,,Oceanic
Aosta,IT,20,0.7769,5.016,5.793,0.98,3,86.81,79.222,0,0,45.74,7.32,,Subarctic
Apeldoorn,NL,22,0.8962,9.432,10.328,3.91,6.444,21.9,15.167,0.35,1.056,52.2156457,5.9639485,,Oceanic
Arad,RO,28,1.1872,10.309,11.496,0.21,2.944,40.39,34.111,3.02,9.167,46.29366545,21.89376245,,Oceanic
Arezzo,IT,27,1.122,12.717,13.839,0.61,6.944,6.05,2.944,1.76,4.111,43.4640246,11.86046188,,Oceanic
Arrecife,ES,24,0.8148,19.754,20.569,3.94,26.333,0,0,13.34,34.444,28.9639681,-13.5499014,,Arid
Athens,GR,29,1.0794,14.443,15.523,0.51,3.444,2.08,1.333,10.4,15,38.2636612,22.0576191,bigger,Mediterranean
Aveiro,PT,21,0.2646,15.274,15.538,7.06,14.611,0,0,0.1,1.111,40.640496,-8.6537841,,Mediterranean
Avellino,IT,27,1.1204,13.666,14.786,1.16,8.389,1.47,0.889,2.45,4.611,40.9141958,14.7888764,,Mediterranean
Avignon,FR,26,1.1657,12.109,13.275,1.51,6.278,7.45,4.611,2.63,8.778,43.9493143,4.8060329,,Mediterranean
Bacau,RO,27,1.251,8.663,9.914,0.22,1.611,62.6,48.056,1.93,5.611,46.5560493,26.9153557,,Humid continental
Badajoz,ES,28,0.9518,15.795,16.747,6.86,17.444,0.05,0,8.91,17.111,38.8768616,-6.9733409,,Mediterranean
Baia Mare,RO,26,1.1475,8.043,9.191,0.11,0.833,62.7,53.944,0.6,3,47.6565584,23.5719843,,Humid continental
Bamberg,DE,23,1.0424,7.654,8.696,1.18,5.778,48.6,37.556,0.2,1.5,49.8926723,10.8876149,,Oceanic
Banja Luka,BA,27,1.2989,10.099,11.397,0.38,3.333,39.88,30.722,2.12,7.667,44.78,17.18,,Oceanic
Banská Bystrica,SK,24,1.0713,6.938,8.01,0.28,2.889,69.13,60.333,0.14,1.833,48.7384028,19.1573494,,Humid continental
Barcelona,ES,27,0.7002,16.016,16.716,0.23,4.833,0.04,0,1.82,7.722,41.3828939,2.1774322,biggest,Mediterranean
Bari,IT,28,0.8407,15.995,16.835,0.55,11,0.05,0,4.25,9.167,41.1257843,16.8620293,big,Mediterranean
Basel,CH,22,0.7711,8.12,8.891,2.35,8.444,39.02,33.389,0.08,2.056,47.5581077,7.5878261,,Oceanic
Bath and North East Somerset,GB,20,0.6094,10.166,10.775,4.28,5.167,6.29,2.389,0.06,0.167,51.35632375,-2.486661425,,Oceanic
Bayonne,FR,24,0.8209,12.392,13.213,4.46,7.167,1.59,1.5,1.41,3.444,43.48437155,-1.471867778,,Oceanic
Beauvais,FR,22,0.9443,10.197,11.141,5.87,9,15.06,8.778,0.39,1.444,49.4300997,2.0823355,,Oceanic
Beja,PT,28,0.9458,16.206,17.152,6.65,15.833,0,0,12.96,22.167,38.022335,-7.86,,Mediterranean
Belfast,GB,18,0.2714,9.526,9.797,2.29,3.278,1,1.389,0,0,54.5969869,-5.9300992,big,Oceanic
Belfort,FR,23,0.9832,9.384,10.367,3.32,10.556,27.9,20.778,0.35,3.833,47.6379599,6.8628942,,Oceanic
Belluno,IT,20,0.8822,5.062,5.944,0.4,2.167,85.49,74.167,0,0,46.142328,12.212805,,Subarctic
Benidorm,ES,27,0.6348,17.844,18.478,3.56,5.833,0,0,6.33,15.278,38.5406255,-0.1290929,,Mediterranean
Beograd,RS,29,1.1505,11.487,12.637,0.3,3.167,30.88,23.722,6.47,13.389,44.815159,20.282169,big,Humid subtropical
Bergamo,IT,24,1.2062,8.802,10.008,0.59,3.333,38.01,22.5,0.09,1,45.6945115,9.669839,,Oceanic
Bergen,NO,19,0.8594,5.878,6.738,1.63,4.722,53.91,37.667,0,0,60.3943532,5.325551,,Oceanic
Berlin,DE,24,0.9743,8.992,9.966,1.66,6.222,37.16,28.667,0.8,3.056,52.5170365,13.3888599,biggest,Oceanic
Besançon,FR,24,0.9151,9.839,10.754,2.19,7.833,23.21,17.556,0.61,4.5,47.237953,6.0243246,,Oceanic
Bialystok,PL,25,1.2049,6.723,7.928,0.17,1.722,72.28,56.444,0.29,1.389,53.12750505,23.14705087,,Humid continental
Bielefeld,DE,22,1.0793,8.737,9.817,3.77,8.778,31.4,21.167,0.29,1.389,52.010877,8.540868,big,Oceanic
Bielsko-Biala,PL,23,1.0636,6.961,8.024,0.65,5.389,63.9,56.778,0.06,1.556,49.81207845,19.0291988,,Humid continental
Bilbao,ES,23,0.7462,12.289,13.035,4.01,5.111,0.91,0.111,0.39,1,43.2629489,-2.9349459,big,Oceanic
Birmingham,GB,20,0.7054,9.232,9.938,2.78,4.556,11.04,4.722,0.03,0.111,52.4776875,-1.8948516,biggest,Oceanic
Bistrita,RO,24,1.1814,6.31,7.491,0.17,1.111,80.7,68.389,0.05,0.833,47.13897525,24.4975517,,Humid continental
Bitola,MK,25,0.7048,10.165,10.869,1.59,5.333,29.92,27.611,1.48,4.333,41.025798,21.29348,,Oceanic
Blackburn with Darwen,GB,18,0.5527,8.639,9.192,3.87,7.278,6.68,5.333,0,0,53.69917695,-2.470900095,,Oceanic
Blagoevgrad,BG,25,0.7777,9.245,10.023,1.35,3.278,43.83,39.222,1.11,3.222,42.0111077,23.0906457,,Oceanic
Bodø,NO,15,0.6832,5.143,5.826,5.71,14.444,44.99,39.389,0,0,67.291488,14.342135,,Subarctic
Bologna,IT,28,1.1967,12.858,14.055,0.23,2.833,6.58,3.278,2.4,4.889,44.4936714,11.3430347,big,Oceanic
Bolzano,IT,18,0.8331,4.029,4.862,1.18,5.333,99.04,91.056,0,0,46.4981125,11.3547801,,Humid continental
Bordeaux,FR,25,0.8341,13.14,13.974,3.96,7.056,2.85,2.444,2.79,5.389,44.841225,-0.5800364,,Oceanic
Borlänge,SE,22,0.9342,4.304,5.238,1.06,1.611,105.9,87.333,0.03,0,60.483,15.417,,Subarctic
Borås,SE,21,1.0775,6.352,7.43,1.4,4.056,61.3,46.444,0.02,0,57.7210839,12.9407407,,Oceanic
Botosani,RO,28,1.3347,8.912,10.246,0.13,1.5,60.94,45.111,2.8,8.111,47.85233745,26.76132522,,Oceanic
Bourges,FR,24,0.9785,11.159,12.138,4.94,11.5,12.28,7.833,1.31,4,47.0805693,2.398932,,Oceanic
Braila,RO,29,1.398,10.651,12.049,0.14,1.833,45.61,34.667,6.57,11.833,45.11780995,27.66721009,,Humid subtropical
Brasov,RO,25,1.2034,7.289,8.492,0.24,1.444,73.75,59.333,0.41,2.444,45.6523093,25.6102746,,Humid continental
Bratislava,SK,27,1.3232,10.132,11.456,0.46,5.333,37.43,27.333,2.19,8.833,48.1359085,17.15974406,,Oceanic
Braunschweig,DE,23,1.0456,8.88,9.926,2.36,7.889,33.87,24.222,0.4,1.722,52.2640651,10.525291,,Oceanic
Bremen,DE,22,1.0376,8.981,10.019,4.12,8.722,29.3,19.389,0.29,1.222,53.0758196,8.8071646,bigger,Oceanic
Brescia,IT,23,1.0535,8.386,9.44,0.57,3.222,40.48,27.444,0.04,0.389,45.5399392,10.2204897,,Oceanic
Brest,FR,19,0.2761,11.873,12.149,1.23,2.611,0.06,0,0,0,48.3905283,-4.4860088,,Oceanic
Bristol,GB,20,0.6547,9.584,10.239,3.66,5.389,9.89,4.167,0.05,0.222,51.4538022,-2.5972985,,Oceanic
Brive-la-Gaillarde,FR,24,0.9522,11.328,12.28,5.4,11.944,8.86,7.111,1.52,4.889,45.1584982,1.5332389,,Oceanic
Brno,CZ,24,1.1273,7.975,9.102,0.68,5.611,51.87,44.111,0.26,2.722,49.1922443,16.6113382,big,Oceanic
Bruxelles,BE,23,0.8782,9.921,10.799,2.84,5.222,18.57,11,0.54,1.333,50.8465573,4.351697,biggest,Oceanic
Bucuresti,RO,29,1.4185,10.998,12.416,0.32,2.778,40.89,31.944,7.09,12.889,44.4361414,26.1027202,biggest,Humid subtropical
Budapest,HU,27,1.0947,10.128,11.223,0.65,5.056,40.7,34.722,2.94,8.722,47.4983815,19.0404707,biggest,Oceanic
Burgas,BG,28,1.1488,11.639,12.787,0.48,1.667,26.3,22.722,4.81,9.889,42.50651405,27.35374994,,Humid subtropical
Burgos,ES,23,0.9256,10.383,11.308,6.29,11.611,9.49,5.167,0.31,1.722,42.343926,-3.696977,,Oceanic
Buzau,RO,29,1.4396,10.163,11.602,0.08,1.333,49.12,37.389,5.26,10,45.26564025,26.79058007,,Oceanic
Bydgoszcz,PL,24,1.1154,7.708,8.824,0.73,3.5,53.74,40.222,0.41,1.667,53.12974625,18.02936966,big,Oceanic
Bârlad,RO,29,1.3429,9.769,11.112,0.07,1.389,54.26,40.333,4.88,10,46.22952,27.66987717,,Oceanic
Békéscsaba,HU,29,1.1522,11.183,12.335,0.33,3.389,34.41,29.333,6.01,13.667,46.6849789,21.0866918,,Oceanic
Béziers,FR,25,1.0931,12.188,13.281,2.79,9.278,5.15,3.5,1.95,7.167,43.341279,3.2166203,,Mediterranean
Cagliari,IT,27,0.3002,17.722,18.023,3.15,11.833,0,0,5.87,10.778,39.2169525,9.1128513,,Mediterranean
Calarasi,RO,29,1.3837,10.954,12.338,0.29,2.389,41.88,32.333,6.97,12.556,44.32909225,27.1335978,,Humid subtropical
Cardiff,GB,19,0.5669,9.479,10.046,4.99,6.556,9.26,4.167,0.04,0.222,51.4816546,-3.1791934,big,Oceanic
Carlisle,GB,17,0.4963,8.621,9.117,3.5,9.056,2.78,3.5,0,0,54.8948478,-2.9362311,,Oceanic
Cartagena,ES,27,0.5975,18.344,18.941,4.78,6.389,0,0,8.23,18.444,37.6267868,-1.0006184,,Semi-arid
Castellón de la Plana,ES,26,0.5774,15.98,16.558,2.56,5.611,0.01,0,1.46,5.833,39.9859953,-0.0374353,,Semi-arid
Catania,IT,29,0.6679,16.701,17.369,2.35,5.222,0,0,8.94,9.722,37.5022355,15.08738,big,Mediterranean
Catanzaro,IT,28,0.5474,16.456,17.004,3.74,7.278,0,0,6.74,7.667,38.9076353,16.5960465,,Mediterranean
Ceské Budejovice,CZ,24,0.9966,7.744,8.741,0.43,4.111,52.93,43.222,0.17,2.556,48.9747357,14.474285,,Oceanic
Chalon-sur-Saône,FR,25,1.0609,10.735,11.796,2.36,7.889,16.46,11.944,1.37,5.444,46.7888997,4.8529605,,Oceanic
Charleroi,BE,22,0.8198,9.519,10.339,4.58,9.278,21.63,14.278,0.3,1.667,50.4120332,4.4436244,,Oceanic
Charleville-Mézières,FR,23,0.9098,9.886,10.796,3.87,9.333,20.13,13.333,0.46,2.444,49.7599365,4.7186932,,Oceanic
Chartres,FR,23,0.9471,10.293,11.24,4.35,7.278,15.85,9.111,0.58,1.611,48.4470039,1.4866387,,Oceanic
Cherbourg,FR,19,0.6668,11.191,11.858,6.78,5.222,1.23,0,0.01,0,49.51271975,-1.575504339,,Oceanic
Chomutov-Jirkov,CZ,23,1.1436,7.367,8.51,0.91,4.944,54.83,43.444,0.14,1.611,50.5000597,13.4476266,,Oceanic
Châlons-en-Champagne,FR,24,1.0122,10.237,11.249,2.77,7.889,18.23,12.667,0.66,3.111,48.9566218,4.3628851,,Oceanic
Châteauroux,FR,24,0.9091,11.233,12.142,5.05,10.778,10.55,7.444,1.26,3.944,46.8047,1.6957099,,Oceanic
City of Edinburgh,GB,17,0.3879,8.189,8.577,4.75,7.056,7.83,7,0,0,55.9495628,-3.1914972,bigger,Oceanic
Ciudad Real,ES,30,1.3925,14.735,16.127,1.1,9.222,0.94,0.222,7.01,16.5,38.95975095,-3.882828339,,Semi-arid
Clermont-Ferrand,FR,23,0.9947,9.337,10.332,2.71,9.444,23.1,18.444,0.25,2.722,45.7774551,3.0819427,,Oceanic
Cluj-Napoca,RO,25,1.125,8.29,9.415,0.31,2.889,56.27,48.778,0.52,3.278,46.7693367,23.5900604,big,Humid continental
Coimbra,PT,24,0.6935,13.839,14.533,9.19,14.333,0.03,0,2.89,6.056,40.2109801,-8.4292057,,Mediterranean
Constanta,RO,29,1.1711,11.412,12.583,0.08,1,32.78,27,5.99,10.944,44.1724166,28.62081966,big,Humid subtropical
Cork,IE,18,0.3362,10.878,11.214,2.19,3,0.03,0.167,0,0,51.8979282,-8.4705806,,Oceanic
Cottbus,DE,24,1.0723,8.984,10.056,1.82,7.389,38.05,28.222,0.79,3.833,51.7567447,14.3357307,,Oceanic
Coventry,GB,20,0.736,9.398,10.135,4.07,6.556,11,4.389,0.03,0.167,52.4081812,-1.510477,big,Oceanic
Craiova,RO,29,1.402,10.898,12.299,0.2,2.056,38.9,31.389,5.79,11.833,44.3190159,23.7965614,big,Humid subtropical
Croydon,GB,21,0.8283,10.406,11.235,2.93,3.833,4.37,1.278,0.05,0.278,51.3713049,-0.101957,,Oceanic
Cuenca,ES,28,1.3562,13.02,14.377,1.42,8.556,3.16,1.111,3,9.611,40.0681156,-2.1348241,,Mediterranean
Czestochowa,PL,25,1.2484,8.212,9.46,0.53,4.167,50.85,41,0.52,2.944,50.8089997,19.12440893,,Oceanic
Cáceres,ES,29,0.8902,14.829,15.719,3.62,9.056,0.28,0,6.98,13.667,39.4745175,-6.3716761,,Mediterranean
Córdoba,ES,30,1.5277,15.52,17.048,1.69,15.889,0.41,0.056,8.85,21,37.8849779,-4.7760131,big,Mediterranean
Daugavpils,LV,24,1.2202,5.643,6.864,0.24,3,87.89,68.556,0,0,55.9001462,26.53304963,,Humid continental
Derry & Strabane Local Government District,GB,18,0.1878,9.417,9.605,2.89,4.111,2.04,2.222,0,0,54.9919421,-7.316801,,Oceanic
Dijon,FR,24,0.998,10.305,11.303,3.19,10.056,19.78,13.389,0.96,4.778,47.3215806,5.0414701,,Oceanic
Dortmund,DE,23,1.0307,9.217,10.248,2.49,6.5,26.82,17.111,0.48,1.778,51.5142273,7.4652789,bigger,Oceanic
Dresden,DE,23,1.1703,8.069,9.239,1.61,7.611,45.74,35.5,0.24,2.167,51.0493286,13.7381437,bigger,Oceanic
Drobeta-Turnu Severin,RO,26,1.137,9.07,10.207,0.6,3.444,51.8,43.778,1.36,5.722,44.63776725,22.65443164,,Oceanic
Dublin,IE,18,0.5222,10.085,10.607,1.11,1.444,0.23,0.111,0,0,53.3497645,-6.2602732,bigger,Oceanic
Dunkerque,FR,21,0.9387,10.365,11.303,4.98,7.5,9.5,4.056,0.1,0.611,51.0347708,2.3772525,,Oceanic
Eger,HU,27,1.0979,9.406,10.504,0.18,3,47.82,40.444,1.67,7.167,47.8989887,20.3743665,,Oceanic
Eivissa,ES,27,0.6671,17.912,18.579,2.34,10.611,0,0,7.09,18.611,38.9835256,1.4119395,,
Elbasan,AL,26,0.7021,11.376,12.078,1.01,4.944,18.78,16.889,2.27,6.389,41.122,20.084,,Mediterranean
Elblag,PL,24,1.102,7.368,8.47,0.45,2.667,56.78,43.278,0.19,1.111,54.19863685,19.44114405,,Oceanic
Elk,PL,24,1.1356,6.855,7.99,0.47,2.889,68.11,51.889,0.24,1.333,53.8249697,22.361359,,Humid continental
Enschede,NL,23,0.9413,9.389,10.33,2.53,5.222,23.94,15.778,0.49,1.444,52.22336325,6.870595664,,Oceanic
Erfurt,DE,23,1.0724,7.916,8.989,1.39,5.778,45.07,34.222,0.24,1.333,50.9777974,11.0287364,,Oceanic
Esbjerg,DK,20,0.8583,8.749,9.607,1.72,6.778,15.46,12.667,0,0,55.47,8.45,,Oceanic
Essen,DE,23,0.9706,9.707,10.678,3.56,7.611,22.49,13.111,0.63,2.056,51.457087,7.011429,bigger,Oceanic
Exeter,GB,19,0.4483,10.209,10.658,4.36,4.556,3.78,1.611,0.03,0.056,50.725562,-3.5269108,,Oceanic
Falkirk,GB,17,0.3658,7.886,8.252,4.59,6.111,12.11,10.111,0,0,55.9992349,-3.7842204,,Oceanic
Faro,PT,24,0.4021,17.56,17.962,1.79,10.833,0,0,2.08,8.944,37.0537571,-7.931936617,,Mediterranean
Firenze,IT,27,1.1663,13.181,14.347,0.68,5.056,3.92,1.778,1.78,3.722,43.7698712,11.2555757,big,Humid subtropical
Flensburg,DE,21,1.216,8.197,9.413,2.45,7.333,32.42,20.556,0.02,0.222,54.7833021,9.4333264,,Oceanic
Focsani,RO,28,1.3447,9.052,10.397,0.06,0.944,58.75,44.111,2.7,6.611,45.695241,27.17960973,,Oceanic
Foggia,IT,27,1.0567,13.962,15.019,2.06,10.778,1.04,0.833,3.17,5.333,41.4623447,15.5430624,,Humid subtropical
Frankfurt (Oder),DE,24,0.9835,8.92,9.903,1.71,6.222,38.4,29.722,0.82,3.167,52.3412273,14.549452,,Oceanic
Frankfurt am Main,DE,23,1.017,8.899,9.916,2.95,8.111,33.65,24.444,0.39,2.444,50.1106444,8.6820917,bigger,Oceanic
Fredrikstad,NO,23,1.1293,6.195,7.324,0.3,0.833,71.25,55.944,0.02,0.056,59.226335,10.879903,,Oceanic
Friedrichshafen,DE,23,0.7782,7.898,8.676,0.84,4.778,45.23,39.333,0.1,1.889,47.6505715,9.4797531,,Oceanic
Fréjus,FR,24,1.0307,11.345,12.376,0.78,4.833,4.96,2.556,0.28,3.944,43.4330308,6.7360182,,Mediterranean
Fulda,DE,23,1.065,8.512,9.576,2.39,7.444,38.36,28.444,0.32,2.278,50.5521486,9.676511,,Oceanic
Funchal,PT,23,0.4186,18.979,19.397,12.74,34.056,0,0,6.85,13.667,32.6496497,-16.9086783,,
Galati,RO,29,1.3931,10.127,11.52,0.11,1.556,50.58,37.667,5.55,10.556,45.4338215,28.0549395,big,Humid subtropical
Galway,IE,18,0.1131,9.743,9.856,3.19,2.667,1.4,1.556,0.01,0,53.2744122,-9.0490632,,Oceanic
Gandia,ES,27,0.5904,16.829,17.42,1.31,1.944,0,0,2.46,8.222,38.9675925,-0.1803423,,Mediterranean
Gdansk,PL,23,1.1112,7.443,8.554,0.98,3.667,54.36,41.056,0.23,0.944,54.36143025,18.62823338,,Oceanic
Gdynia,PL,21,1.13,7.782,8.912,1.16,6.222,32.94,25.389,0,0.111,54.50366325,18.46264959,,Oceanic
Gela,IT,28,0.3161,18.187,18.503,2.2,5.333,0,0,10.94,13.833,37.0664363,14.2502445,,Mediterranean
Genova,IT,26,1.2166,14.685,15.901,1.58,9.722,0.79,0,1.43,3.444,44.40726,8.9338624,bigger,Mediterranean
Gent,BE,22,0.8827,10.083,10.965,4.77,7.333,15.75,9.333,0.39,1.333,51.0538286,3.7250121,,Oceanic
Genève,CH,23,0.8517,8.997,9.849,2.49,9.167,29.75,24.333,0.26,2.944,46.2017559,6.1466014,,Oceanic
Gera,DE,23,1.0707,8.09,9.16,1.54,6.611,44.06,34.389,0.27,1.944,50.8772301,12.0796208,,Oceanic
Gijón,ES,21,0.5393,11.023,11.562,4.56,5.667,1.01,0.167,0.02,0.278,43.5450394,-5.6626443,,Oceanic
Girona,ES,26,1.072,13.902,14.974,2.64,10.333,1.34,0.333,2.49,5.611,41.9793006,2.8199439,,Humid subtropical
Giugliano in Campania,IT,27,1.0783,14.264,15.343,1.05,6.556,0.57,0.056,2.2,4.278,40.9286872,14.2006989,,Mediterranean
Glasgow City,GB,17,0.3328,8.74,9.073,4.15,7.111,3.19,4.611,0,0,55.856656,-4.2435817,bigger,Oceanic
Gorzów Wielkopolski,PL,24,1.031,8.846,9.877,1.87,6.722,39.76,30.778,0.87,3.444,52.73057555,15.21075532,,Oceanic
Granada,ES,29,1.5865,14.591,16.177,1.16,12.111,0.73,0.167,5.35,15.944,37.1830197,-3.602192,,Mediterranean
Graz,AT,24,0.9177,8.056,8.974,0.45,3.944,53.62,44.833,0.22,2.944,47.0702563,15.4385716,,Humid continental
Greenwich,GB,20,0.9275,10.326,11.254,1.03,4.611,2.34,0.333,0,0,52.0367323,1.168934,,Oceanic
Greifswald,DE,22,1.2789,8.185,9.464,0.96,4.333,32.84,22.5,0.01,0.389,54.095791,13.3815238,,Oceanic
Grenoble,FR,21,0.9447,6.917,7.862,2.15,9.111,54.71,45.167,0,0.611,45.182151,5.7274722,,Oceanic
Groningen,NL,22,0.9597,9.184,10.144,2.51,5.222,21.98,14,0.14,0.667,53.2217925,6.558245335,,Oceanic
Grosseto,IT,28,1.156,14.252,15.408,0.26,3.333,1.53,0.389,2.48,5.222,42.7597261,11.1137389,,Mediterranean
Guadalajara,ES,25,1.3981,11.052,12.45,3.8,16.167,9.27,3.889,0.69,3.722,40.7399963,-2.505930026,,Mediterranean
Győr,HU,27,1.2832,9.852,11.135,0.4,4.5,40.81,32.278,1.98,8.111,47.687609,17.6346815,,Oceanic
Gävle,SE,22,1.1101,5.351,6.462,1.01,2.222,87.5,68.611,0.03,0,60.667,17.167,,Humid continental
Göteborg,SE,21,1.1431,7.009,8.152,1.18,4.111,49.52,36.444,0,0.056,57.7072326,11.9670171,bigger,Oceanic
Göttingen,DE,23,1.0523,8.364,9.416,1.54,5.389,36.66,26.778,0.2,1.333,51.5327604,9.9352051,,Oceanic
Haarlem,NL,21,0.9276,9.846,10.773,4.39,6.667,14.1,7.556,0.09,0.611,52.38370575,4.643559697,,Oceanic
Halle (Saale),DE,24,0.9927,9.028,10.021,1.54,5.778,35.73,26.722,0.57,2.833,51.4825041,11.9705452,,Oceanic
Halmstad,SE,21,1.1627,6.499,7.662,0.93,3.556,57.57,42.333,0.01,0,56.672,12.856,,Oceanic
Hamburg,DE,23,1.0234,8.877,9.901,2.12,5.5,32.41,21.278,0.33,1.389,53.5437641,10.0099133,biggest,Oceanic
Hannover,DE,23,1.0537,8.901,9.955,2.18,6.556,32.3,22.278,0.34,1.611,52.3744779,9.7385532,bigger,Oceanic
Haskovo,BG,28,1.0864,11.131,12.217,0.55,1.056,30.2,25.833,3.7,7.389,41.9345727,25.5556639,,Humid subtropical
Havering,GB,20,0.517,10.071,10.588,3.18,4.278,6.16,2.889,0.06,0.167,51.0358628,-2.8417544,,Oceanic
Heidelberg,DE,24,0.8945,9.458,10.352,2.32,7.556,30.4,22.944,0.7,4.222,49.4093582,8.694724,,Oceanic
Helsingborg,SE,21,1.3956,6.983,8.378,1.07,4.889,53.38,35.333,0,0,56.0441984,12.7040684,,Oceanic
Helsinki,FI,21,0.9826,5.428,6.411,0.47,6,78.12,65.444,0,0,60.1674086,24.9425683,bigger,Humid continental
Hillingdon,GB,20,0.7829,9.778,10.561,5.34,10.111,8.5,3.5,0.05,0.5,51.5425193,-0.4483349474,,Oceanic
Hradec Králové,CZ,24,1.115,7.512,8.627,0.56,4,56.17,46.056,0.21,1.722,50.2094963,15.832719,,Oceanic
Huelva,ES,29,1.1509,17.205,18.356,4.43,16.722,0,0,13,25.5,37.2575874,-6.9484945,,Mediterranean
Iasi,RO,29,1.3651,9.45,10.815,0.06,1.278,58.74,42.944,4.63,10.278,47.161494,27.5840504,big,Oceanic
Ingolstadt,DE,24,0.9432,8.704,9.647,1.11,5.667,40.02,31.778,0.41,4.111,48.7630165,11.4250395,,Oceanic
Innsbruck,AT,18,0.9002,3.786,4.687,1.12,7.056,101.07,90.111,0,0,47.2654296,11.3927685,,Subarctic
Inverclyde (Greenock),GB,17,0.3605,7.591,7.952,3.11,5.778,14.91,12.833,0,0,55.947877,-4.7591972,,Oceanic
Ioannina,GR,26,0.9172,11.811,12.728,1.42,5.444,11.67,8.5,3.27,7.278,39.6639818,20.8522784,,Mediterranean
Jelenia Góra,PL,24,1.1042,7.714,8.818,0.67,3.833,53.37,43.333,0.24,1.667,50.8501049,15.65374924,,Oceanic
Jerez de la Frontera,ES,28,1.2268,17.046,18.273,2.29,15.556,0,0,9.59,21.611,36.6816936,-6.1377402,,Mediterranean
Jihlava,CZ,24,1.0324,7.992,9.025,0.72,5.222,50.33,43.667,0.25,2.611,49.396064,15.5903065,,Oceanic
Joensuu,FI,24,1.4297,2.704,4.133,0.15,1.167,126.34,107.667,0,0.056,62.562,29.777,,Subarctic
Jyväskylä,FI,23,1.2277,3.226,4.453,0.38,1.556,118.48,100.111,0,0,62.2393002,25.745951,,Subarctic
Jönköping,SE,21,0.9349,5.816,6.751,1.29,3.056,71.56,57.167,0.01,0,57.7814709,14.1627579,,Humid continental
Kaiserslautern,DE,24,0.9269,9.48,10.407,2.17,6.778,28.14,20.778,0.68,3.167,49.4432174,7.7689951,,Oceanic
Kalamata,GR,29,0.5089,17.659,18.168,0.2,2.667,0,0,18.73,22.5,37.0377582,22.1109392,,Mediterranean
Kalisz,PL,25,1.1858,8.4,9.585,0.64,4.389,48.43,37.833,0.62,3.556,51.74736505,18.07959009,,Oceanic
Kalmar,SE,21,0.8363,7.273,8.109,1.08,3.333,39.4,32.444,0,0,56.667,16.367,,Oceanic
Kaposvár,HU,28,0.9285,10.645,11.573,0.33,1.778,36.1,30.611,4.39,9.5,46.3560953,17.7877874,,Oceanic
Karlovy Vary,CZ,23,1.1301,7.123,8.253,0.73,4.556,57.26,45.444,0.12,1.167,50.2304694,12.8710769,,Oceanic
Karlskrona,SE,21,1.0493,7.002,8.051,1.55,3.611,51.3,39.167,0,0,56.203,15.329,,Oceanic
Karlsruhe,DE,24,1.0638,9.427,10.491,1.86,7.111,29.49,21.944,0.53,4.111,49.014068,8.404437,big,Oceanic
Karlstad,SE,22,0.9889,5.806,6.795,1.18,2.111,77.09,62,0.02,0.056,59.367,13.5,,Humid continental
Kassel,DE,23,1.0417,8.101,9.143,1.49,5.333,40.61,30.056,0.21,1.222,51.3090209,9.4762981,,Oceanic
Katowice,PL,24,1.167,7.869,9.036,0.55,4.444,53.06,44.056,0.28,2.111,50.2137321,19.00588776,,Oceanic
Kaunas,LT,24,1.1866,6.449,7.635,0.34,2.778,75.16,57,0,0,54.8982139,23.9044817,,Humid continental
Kavala,GR,29,0.9184,15.535,16.453,0.2,6.111,1.71,1.222,14.19,20.667,40.8731859,24.3114711,,Mediterranean
Kecskemét,HU,28,1.1108,10.269,11.38,0.24,3.111,40.83,35.389,3.51,9.667,46.9080769,19.6928133,,Oceanic
Kempten (Allgäu),DE,22,0.7725,7.479,8.252,1.22,6.556,50.78,44.278,0.09,1.611,47.7267063,10.3168835,,Oceanic
Kiel,DE,22,1.1831,8.366,9.549,2.09,5.778,34.78,22.111,0.1,0.5,54.3216753,10.1371858,,Oceanic
Kielce,PL,25,1.2032,7.85,9.053,0.33,2.389,56.28,45.667,0.49,2.167,50.85403585,20.60991435,,Oceanic
Kingston-upon-Hull,GB,18,0.8225,9.491,10.313,2.23,6.278,0.69,0.056,0,0,53.7435722,-0.3394758,,Oceanic
Kiruna,SE,19,0.9574,-0.789,0.168,1.31,2.111,168.82,162.667,0,0,67.85,20.22,,Subarctic
Klagenfurt,AT,23,0.9189,6.99,7.909,0.23,1.667,67.14,54.778,0.02,0.778,46.6228162,14.3079604,,Humid continental
Klaipeda,LT,22,1.1319,7.462,8.594,0.55,4.667,41.59,33.944,0,0,55.7127529,21.1350469,,Oceanic
Koblenz,DE,23,0.9005,8.811,9.712,2.32,6.389,31.7,23.944,0.29,1.833,50.3533278,7.5943951,,Oceanic
Kolding,DK,21,1.0257,8.029,9.055,1.68,4.778,31.85,21.556,0,0.111,55.491393,9.336174,,Oceanic
Konin,PL,25,1.1532,8.172,9.325,0.53,3.222,49.79,37.722,0.55,2.611,52.25590205,18.26786621,,Oceanic
Konstanz,DE,23,0.9302,8.456,9.386,1.49,6.889,39.07,31.667,0.14,2.833,47.659216,9.1750718,,Oceanic
Kosice,SK,25,1.0786,7.932,9.011,0.38,2.889,59.83,50.556,0.46,2.611,48.7172272,21.2496774,,Humid continental
Koszalin,PL,23,1.1159,7.55,8.665,0.91,3.167,50.32,37.667,0.24,1,54.20727105,16.21753077,,Oceanic
Kouvola,FI,23,1.2447,4.336,5.581,0.33,2.444,102.92,85.5,0,0.056,60.932719,26.26972,,Subarctic
Kragujevac,RS,28,1.148,10.864,12.012,0.37,2.889,33.79,26.056,4.05,9.889,44.02,20.92,,Oceanic
Kraków,PL,24,1.187,7.551,8.738,0.38,3.333,58.38,47.667,0.25,1.556,50.04691015,19.99706376,bigger,Oceanic
Kristiansand,NO,20,1.0487,5.889,6.938,1.29,3.889,62.18,47.278,0,0,58.1467082,7.995766,,Oceanic
Kristianstad,SE,21,1.1266,6.809,7.935,1.52,3.722,55.54,42,0,0,56.034,14.133,,Oceanic
Kuopio,FI,23,1.3212,2.47,3.791,0.23,1.222,128.12,108.944,0,0,62.8241424,27.59456148,,Subarctic
Köln,DE,23,0.9495,9.227,10.176,2.41,6.833,25.54,17.389,0.37,1.667,50.938361,6.959974,biggest,Oceanic
København,DK,21,1.2624,7.835,9.098,1.19,4.167,34.07,21.222,0,0.056,55.6867243,12.5700724,bigger,Oceanic
L'Aquila,IT,26,1.0361,12.459,13.495,1.03,7.889,4.05,2.667,0.79,2.111,42.348903,13.3981527,,Oceanic
La Rochelle,FR,23,0.6925,12.095,12.788,6.24,7.611,5.33,2.611,0.95,2.333,46.1591126,-1.1520434,,Oceanic
La Spezia,IT,27,1.2245,12.44,13.665,0.58,3.222,8.16,2.444,1.58,3.722,44.107033,9.8282255,,Mediterranean
Lahti,FI,23,1.2342,4.352,5.587,0.21,2.333,101.34,83.833,0,0,60.9838761,25.6561814,,Subarctic
Lappeenranta,FI,24,1.2117,4.267,5.478,0.18,2,104.25,86.833,0,0.111,61.07,28.18,,Humid continental
Larisa,GR,29,1.1494,14.122,15.271,0.82,4.944,4.94,2.889,11.75,17.056,39.6383092,22.4160706,,Mediterranean
Las Palmas,ES,24,0.7514,19.957,20.708,6.17,33.556,0,0,19.08,36.778,28.1287799,-15.4350514,,Arid
Latina,IT,27,0.6919,16.629,17.321,1.89,10.556,0,0,3.36,7.556,41.4672589,12.9035737,,Mediterranean
Lausanne,CH,21,0.6801,6.689,7.369,1.77,6,56.24,51.278,0.02,0.889,46.5218269,6.6327025,,Oceanic
Le Havre,FR,20,0.8678,10.65,11.518,1.77,4.333,2.57,0.722,0.01,0.056,49.4938975,0.1079732,,Oceanic
Le Mans,FR,23,0.8318,10.859,11.691,5.39,8.167,11.42,6.444,0.86,2.278,48.0078497,0.1997933,,Oceanic
Lecce,IT,28,0.4656,17.435,17.901,0.77,12.611,0,0,6.87,11.278,40.3570373,18.1718482,,Mediterranean
Leeds,GB,19,0.5525,8.911,9.464,3.09,4.833,7.05,4.278,0.01,0,53.7974185,-1.5437941,bigger,Oceanic
Leeuwarden,NL,21,0.9361,9.32,10.256,4,6.667,18.8,11.222,0.08,0.667,53.1997344,5.80065309,,Oceanic
Lefkosia,CY,32,0.7519,20.046,20.798,0.06,0.444,0,0,49.05,58.222,35.180282,33.37369587,,Mediterranean
Leipzig,DE,23,1.1132,8.06,9.173,1.55,7,45.24,35.5,0.24,2.056,51.3391827,12.3810549,bigger,Oceanic
Lemesos,CY,31,0.5136,20.464,20.977,0.04,0.444,0,0,54.59,59.667,34.79489125,32.98558938,,Mediterranean
Lens,FR,22,0.9168,10.051,10.968,5.57,8.722,16.74,10.611,0.4,1.444,50.4291723,2.8319805,,Oceanic
León,ES,22,0.6969,10.366,11.063,4.55,8.111,5.37,2.222,0.1,0.889,42.5989995,-5.5682413,,Mediterranean
Liberec,CZ,24,1.092,7.943,9.035,0.73,4.333,49.86,40.444,0.27,2.111,50.7702648,15.0583947,,Oceanic
Liepaja,LV,23,1.0189,6.743,7.762,0.33,3.111,61.38,47.333,0,0,56.53715015,21.05009403,,Oceanic
Lille,FR,22,0.9118,10.143,11.055,4.03,6.444,14.02,8.389,0.29,1.056,50.6305089,3.0706414,,Oceanic
Limerick,IE,18,0.0882,9.871,9.959,2.28,2.5,0.72,1.444,0.01,0,52.661252,-8.6301239,,Oceanic
Limoges,FR,24,0.9134,10.782,11.695,3.79,9,11.46,8.556,0.97,3.611,45.8354243,1.2644847,,Oceanic
Linares,ES,29,1.5193,14.749,16.268,2.06,17.556,0.78,0.111,5.92,17,38.0928249,-3.6343581,,Mediterranean
Lincoln,GB,20,0.695,9.389,10.084,3.3,5.611,7.88,3.167,0.03,0.167,53.2336301,-0.5392172,,Oceanic
Linköping,SE,22,0.908,6.333,7.241,0.93,2.389,66.97,53.611,0,0,58.4098135,15.6245252,,Oceanic
Linz,AT,23,1.0793,7.02,8.099,0.38,3.611,60.61,48.778,0.03,1.722,48.3059078,14.286198,,Oceanic
Lisboa,PT,25,0.72,15.966,16.686,10.22,12.722,0,0,6.84,10.389,38.7077507,-9.1365919,bigger,Mediterranean
Liverpool,GB,19,0.6814,9.065,9.746,3.06,6.056,8.3,4.056,0,0,53.4054719,-2.9805392,,Oceanic
Livorno,IT,27,1.2017,13.919,15.121,0.76,4.944,1.75,0.667,1.97,3.667,43.5426309,10.3160295,,Mediterranean
Liège,BE,23,0.8904,9.708,10.599,2.85,5.611,20.85,12.667,0.47,1.778,50.6451381,5.5734203,,Oceanic
Ljubljana,SI,26,1.2199,10.102,11.322,0.21,2.833,33.39,21.667,0.46,5.222,46.049865,14.5068921,,Oceanic
Lleida,ES,27,1.1057,14.398,15.503,1.34,5.389,0.96,0.222,3.36,8.444,41.6147605,0.6267842,,Mediterranean
Logroño,ES,23,0.8489,11.466,12.315,5.87,8.278,3.75,2.556,0.57,1.444,42.4661196,-2.4396676,,Oceanic
Lomza,PL,24,1.1659,7.04,8.206,0.59,3.5,66.59,52.389,0.37,1.556,53.18243065,22.05218382,,Oceanic
London (greater city),GB,21,0.789,9.968,10.757,2.83,5.667,6.18,2.333,0.05,0.278,51.5118606,-0.0780174,biggest,Oceanic
Lorca,ES,28,0.8768,17.235,18.112,4.42,6.556,0,0,9.3,16.667,37.6715679,-1.6988053,,Semi-arid
Lorient,FR,21,0.6786,11.204,11.883,4.35,6.222,3.18,1.222,0.12,0.5,47.7477336,-3.3660907,,Oceanic
Lubin,PL,25,1.1122,8.564,9.676,0.65,4.111,44.3,34.778,0.69,3.722,51.3974465,16.2051275,,Oceanic
Lublin,PL,25,1.1562,7.854,9.01,0.38,3.278,60.39,48.944,0.77,2.889,51.2181945,22.55467757,big,Oceanic
Lugo,ES,22,0.6393,11.379,12.018,5.16,6.889,1.24,0.222,0.15,0.944,43.0396042,-7.456607166,,Oceanic
Luleå,SE,20,1.049,2.713,3.762,0.38,2.222,120.63,108.389,0,0,65.584444,22.153889,,Subarctic
Lund,SE,21,1.3448,7.233,8.578,1.09,4,47.56,32.278,0,0,55.7029296,13.1929449,,Oceanic
Luxembourg,LU,23,0.8299,9.126,9.956,2.72,7.222,27.68,21.389,0.31,2.278,49.8158683,6.1296751,,Oceanic
Lyon,FR,24,1.0834,10.431,11.515,3.59,11.5,17.46,12.722,0.95,5.611,45.7578137,4.8320114,bigger,Oceanic
Lódz,PL,25,1.1649,7.995,9.16,0.47,3.111,54.11,43.611,0.57,2.667,51.77305755,19.47838222,bigger,Oceanic
Lüneburg,DE,23,1.0179,8.774,9.792,2.12,6,34.33,23.944,0.33,1.333,53.248706,10.407855,,Oceanic
Madrid,ES,28,1.2515,12.803,14.055,1.95,10.722,4.06,1.5,2.82,9.778,40.4167047,-3.7035825,biggest,Semi-arid
Magdeburg,DE,24,0.9916,9.048,10.039,1.51,5.722,35.22,26.222,0.62,2.5,52.1315889,11.6399609,,Oceanic
Maidstone,GB,20,0.8215,10.48,11.302,5.09,6.944,3.77,0.667,0.04,0.111,51.2748258,0.5231646,,Oceanic
Manchester,GB,19,0.666,9.047,9.713,4.18,6.556,9.58,4.444,0.02,0,53.4791301,-2.2441009,bigger,Oceanic
Mannheim,DE,24,0.914,9.619,10.533,2.56,7.667,28.47,21.222,0.75,4,49.489591,8.467236,big,Oceanic
Manresa,ES,24,1.1823,10.823,12.006,2.71,8.389,10.79,5.333,0.49,1.278,41.7288939,1.8286765,,Oceanic
Mansfield,GB,17,0.3517,7.868,8.22,3.58,6.111,10.08,8.944,0,0,56.6848919,-2.7777447,,Oceanic
Marbella,ES,28,1.3708,16.221,17.592,1.83,11.722,0,0,7.21,17.833,36.508976,-4.88562,,Mediterranean
Marburg,DE,22,1.0684,8.3,9.368,3.16,8.778,37.38,26.611,0.22,1.389,50.8117327,8.7757742,,Oceanic
Maribor,SI,26,0.8234,9.508,10.331,0.18,1.889,40.61,35.611,0.49,4.444,46.555628,15.64477,,Oceanic
Mariehamn,FI,20,1.0958,5.97,7.066,0.88,6.222,56.19,42.778,0,0,60.1,19.95,,
Marseille,FR,26,1.0368,13.054,14.091,0.52,5.389,1.91,1.556,1.54,9.278,43.2961743,5.3699525,bigger,Mediterranean
Massa,IT,27,1.1818,12.651,13.833,0.67,3.722,6.84,2.5,1.78,4,44.0359323,10.1395519,,Mediterranean
Matosinhos,PT,21,0.2253,14.833,15.058,4.64,10.167,0,0,0.02,0.667,41.22232475,-8.670432356,,Mediterranean
Medway,GB,20,0.805,10.058,10.863,4.64,8.444,4.84,1.556,0.03,0.167,51.4157386,0.5687308512,,Oceanic
Melilla,ES,26,0.6737,18.177,18.851,3.18,10.944,0,0,3.97,11.667,35.2918698,-2.9409026,,Semi-arid
Melun,FR,24,1.0063,10.621,11.628,3.42,7.278,15.4,9,0.74,2.833,48.539927,2.6608169,,Oceanic
Messina,IT,28,0.5447,17.151,17.695,2.31,4.778,0,0,7.58,8.889,38.1937571,15.5542082,,Mediterranean
Milano,IT,24,1.19,8.74,9.93,0.55,2.944,39,23.667,0.08,0.889,45.4667971,9.1904984,biggest,Humid subtropical
Miskolc,HU,27,1.095,9.753,10.848,0.42,3.778,46.36,39.333,2.31,8.611,48.1031517,20.7902158,,Oceanic
Modena,IT,28,1.2186,12.738,13.956,0.29,4.222,8.55,3.722,2.56,6.444,44.6458885,10.9255707,,Humid subtropical
Montbéliard,FR,23,0.8093,9.056,9.865,2.38,8.944,29.87,23.333,0.27,3.222,47.5102368,6.7977564,,Oceanic
Montpellier,FR,26,0.6559,14.631,15.287,0.94,4.333,0.41,0.222,2.43,8.278,43.6112422,3.8767337,,Mediterranean
Mulhouse,FR,24,1.0342,9.247,10.281,1.27,5.944,30.35,22.944,0.29,3.833,47.7494188,7.3399355,,Oceanic
Murcia,ES,29,1.0876,15.345,16.432,1.69,2.611,0.29,0.056,6.81,13.5,37.9923795,-1.1305431,,Semi-arid
Málaga,ES,28,1.4515,15.665,17.117,1.3,11.833,0.07,0.056,5.71,16.222,36.7213028,-4.4216366,bigger,Mediterranean
Mérida,ES,29,1.0983,15.691,16.789,3.95,14.667,0.11,0,9.27,18.778,38.9174665,-6.3443977,,Mediterranean
München,DE,22,0.8871,7.419,8.306,1.16,6.667,52.23,44.444,0.1,1.556,48.1371079,11.5753822,biggest,Oceanic
Nancy,FR,23,0.8491,9.568,10.417,3.96,9.222,25.27,19.778,0.48,3.056,48.6937223,6.1834097,,Oceanic
Nantes,FR,23,0.7413,11.719,12.46,5.71,6.944,6.36,2.333,0.87,1.5,47.2186371,-1.5541362,,Oceanic
Napoli,IT,28,0.6771,16.734,17.411,0.67,4.222,0,0,4.62,8.833,40.8359336,14.2487826,bigger,Mediterranean
Narva,EE,24,1.334,4.813,6.147,0.12,2.278,97.34,78.056,0.03,0.333,59.3766915,28.1921057,,Humid continental
Neubrandenburg,DE,23,1.0396,8.541,9.581,2.07,6.278,39.25,28.889,0.44,1.611,53.5574458,13.2602781,,Oceanic
Neumünster,DE,22,1.1504,8.468,9.618,2.02,6.278,32.78,21.278,0.12,0.611,54.0715956,9.9865296,,Oceanic
Newcastle upon Tyne,GB,18,0.5011,8.709,9.21,2.91,6.5,3.85,3.389,0,0,54.9770924,-1.6142059,,Oceanic
Nice,FR,25,0.9166,15.113,16.029,1.91,14.111,0.04,0,1.39,8.5,43.7009358,7.2683912,big,Mediterranean
Nijmegen,NL,23,0.9496,9.919,10.869,3.41,6.944,20.09,11.778,0.66,2,51.84260195,5.838519612,,Oceanic
Niort,FR,24,0.7572,11.815,12.572,3.86,5.944,7.06,4.833,1.15,2.833,46.3239455,-0.4645212,,Oceanic
Nis,RS,27,1.017,10.347,11.364,0.42,2.556,36.49,30.611,2.64,7.444,43.317515,21.875034,,Oceanic
Norrköping,SE,22,0.9123,6.497,7.41,0.83,2.167,63.47,51.278,0,0,58.5909124,16.1903511,,Humid continental
North East Lincolnshire,GB,20,0.7148,9.72,10.434,3.65,6.5,4.71,1.278,0.02,0.222,53.53680335,-0.0936810135,,Oceanic
North Lanarkshire (Airdrie,GB,18,0.3733,8.533,8.906,1.95,4.111,5.72,5.944,0,0,55.8697403,-3.9664208,,Oceanic
Northampton,GB,20,0.7518,9.551,10.303,4.84,8.889,9.24,3.778,0.04,0.333,52.2385239,-0.902493,,Oceanic
Norwich,GB,20,0.8269,9.974,10.801,1.32,4.722,2.6,0.611,0,0,52.628606,1.29227,,Oceanic
Novara,IT,22,1.0219,7.393,8.415,1.2,4.222,53,41,0,0.167,45.4464036,8.619655,,Humid subtropical
Novi Sad,RS,28,1.0947,11.312,12.407,0.74,4.944,31.36,24.722,6.03,12.222,45.27143,19.779229,,Oceanic
Nowy Sacz,PL,24,1.1653,6.931,8.096,0.29,2.556,68.29,56.222,0.17,1.333,49.61030395,20.71595521,,Humid continental
Nyíregyháza,HU,28,1.0932,10.001,11.094,0.19,2.278,44.85,38,2.9,9.444,47.9557802,21.7167982,,Oceanic
Næstved,DK,21,1.4921,7.874,9.366,1.3,5.556,33.84,16.889,0,0,55.223541,11.597771,,Oceanic
Nîmes,FR,26,0.691,15.354,16.045,1.78,7.333,0.25,0.056,3.42,9.778,43.8374249,4.3600687,,Mediterranean
Nürnberg,DE,23,0.9841,8.145,9.129,1.87,8.389,44.3,35.278,0.33,3.056,49.3655143,11.1135108,bigger,Oceanic
Odense,DK,21,1.3875,7.92,9.308,1.68,5.278,33.75,17.444,0,0,55.3997225,10.3852104,,Oceanic
Oldenburg (Oldenburg),DE,22,1.016,9.118,10.134,3.98,7.556,26.35,16.778,0.3,1,53.1389753,8.2146017,,Oceanic
Olomouc,CZ,24,1.1791,7.899,9.078,0.7,5.778,53.41,45.333,0.21,2.722,49.5940567,17.251143,,Oceanic
Olsztyn,PL,24,1.098,7.315,8.413,0.52,3,58.17,44.833,0.24,1.222,53.7769534,20.47785973,,Oceanic
Opole,PL,25,1.2568,8.422,9.679,0.65,4.833,48.32,38.111,0.59,3.389,50.6787929,17.92988444,,Oceanic
Oradea,RO,28,1.1222,10.374,11.496,0.22,3,41.41,35.778,3.43,9.889,47.0569272,21.9326054,,Oceanic
Orléans,FR,24,0.9838,10.866,11.85,4.04,8.056,13.8,8.278,0.93,3.056,47.9027336,1.9086066,,Oceanic
Osijek,HR,28,0.9297,11.126,12.055,0.72,3.611,33.92,28,5.96,11.389,45.5547428,18.6907115,,Oceanic
Oslo,NO,22,1.1403,4.422,5.562,0.55,1,98.46,79.889,0.01,0,60.0518829,10.6799603,,Subarctic
Osnabrück,DE,23,1.0238,9.182,10.206,2.31,6.111,27.24,17.444,0.42,1.611,52.266837,8.049741,,Oceanic
Ostrava,CZ,24,1.1171,7.808,8.926,0.63,5.778,54.63,46.889,0.24,2.556,49.8349139,18.2820084,,Oceanic
Ostrowiec Swietokrzyski,PL,25,1.1631,7.977,9.14,0.41,3.389,57.83,46.944,0.72,2.833,50.9398768,21.38743,,Oceanic
Oulu,FI,22,1.0641,2.169,3.233,0.38,1.944,132.6,118.944,0,0,65.0118734,25.4716809,,Subarctic
Ourense,ES,23,0.6361,11.599,12.235,6.21,9.167,1.88,0.333,0.49,2.111,42.1939629,-7.537124014,,Mediterranean
Paderborn,DE,22,1.0752,8.544,9.62,3.33,9.167,33.65,23.833,0.21,1.5,51.71895955,8.764869778,,Oceanic
Palermo,IT,28,0.6016,17.406,18.008,0.83,6.222,0,0,6.53,11.944,38.1112268,13.3524434,bigger,Mediterranean
Palma de Mallorca,ES,27,0.6888,17.372,18.061,0.94,9,0,0,4.72,15.278,39.5695818,2.6500745,,Mediterranean
Pamplona,ES,23,0.9066,11.446,12.353,7.78,11.611,4.53,2.889,0.65,1.833,42.8184538,-1.6442556,,Oceanic
Panevezys,LT,24,1.1232,6.36,7.483,0.35,2.5,75.46,57.444,0,0,55.7344985,24.3578055,,Humid continental
Paris,FR,23,0.9848,10.43,11.415,5.13,8.833,15.92,9,0.6,2.056,48.8566101,2.3514992,biggest,Oceanic
Parma,IT,27,1.1679,12.16,13.328,0.75,4.889,11.8,4.556,1.61,4.722,44.8013678,10.3280833,,Humid subtropical
Passau,DE,24,1.0588,8.01,9.069,0.66,4.833,49.36,39.444,0.26,3.056,48.5740136,13.4606445,,Oceanic
Pau,FR,24,0.8441,11.588,12.433,4.92,9,5.93,5.167,1.62,3.778,43.2957547,-0.3685668,,Oceanic
Pavia,IT,27,1.2928,11.903,13.196,0.68,5.333,15.42,4.556,1.57,4.5,45.1860043,9.1546375,,Humid subtropical
Pazardzhik,BG,25,0.8619,9.188,10.05,1.48,3.611,45.6,39.5,1.11,3.222,42.1884549,24.3318993,,Oceanic
Perpignan,FR,26,0.6714,14.423,15.095,0.96,3.611,0.46,0.222,2.68,7.111,42.6953868,2.8844713,,Mediterranean
Perugia,IT,27,1.1056,12.456,13.561,0.57,6.889,6.3,3.667,1.45,3.278,43.1119613,12.3890104,,Oceanic
Pescara,IT,27,0.979,14.702,15.681,0.34,11.111,0.55,0,1.3,4.722,42.4646033,14.2139199,,Humid subtropical
Peterborough,GB,20,0.7544,9.733,10.487,5.64,10.556,7,2.778,0.05,0.333,52.5738875,-0.2416701,,Oceanic
Piacenza,IT,28,1.259,12.046,13.305,0.28,2.167,13.76,4.5,1.8,4.722,45.0534751,9.6947461,,Humid subtropical
Piatra Neamt,RO,25,1.2211,7.255,8.476,0.27,2,75.32,58.333,0.48,1.944,46.9319894,26.3695046,,Humid continental
Pila,PL,24,1.1023,7.955,9.058,0.91,3.333,48.89,35.778,0.51,1.778,53.1493864,16.7390964,,Oceanic
Piombino,IT,27,0.8942,15.981,16.875,0.74,8.667,0.03,0,1.78,5.833,42.933166,10.514483,,Mediterranean
Pitesti,RO,26,1.2564,8.617,9.873,0.38,2.5,59.25,47.056,1.22,4.667,44.8572343,24.8719422,,Oceanic
Plauen,DE,23,1.0562,7.238,8.294,0.92,4.556,54.69,43.333,0.12,1.167,50.4950632,12.1346523,,Oceanic
Pleven,BG,29,1.2818,11.208,12.49,0.32,1.667,36.83,29.833,6.6,11.667,43.409022,24.6180123,,Humid subtropical
Plock,PL,25,1.1458,7.893,9.039,0.44,2.778,54.94,43.333,0.47,2.333,52.5353471,19.71363018,,Oceanic
Ploiesti,RO,28,1.3994,9.431,10.831,0.11,1.278,54.21,41.278,3.1,6.778,44.9417468,26.0236504,,Humid subtropical
Plovdiv,BG,26,0.981,10.006,10.987,1.09,2.944,38.9,33.833,1.77,4.611,42.1418541,24.7499297,big,Humid subtropical
Plymouth,GB,18,0.5279,10.974,11.502,2.39,6.722,0.21,0,0,0,50.3712659,-4.1425658,,Oceanic
Plzen,CZ,23,1.042,7.607,8.649,1.12,6.833,52.65,43.278,0.19,2.111,49.7477415,13.3775249,,Oceanic
Podgorica,ME,24,0.842,9.039,9.881,1.24,4.333,39.98,34.333,0.4,3,42.466,19.266,,Mediterranean
Poitiers,FR,24,0.803,11.561,12.364,4.84,7.944,9.27,6.444,1.5,3.611,46.5802596,0.340196,,Oceanic
Ponferrada,ES,21,0.6201,10.514,11.134,8.37,10.944,3.83,1.056,0.08,0.722,42.5454124,-6.5938719,,Mediterranean
Ponta Delgada,PT,23,0.051,18.04,18.091,12.88,17.333,0,0.056,1.26,2.111,37.8216423,-25.72533067,,
Pontevedra,ES,23,0.619,12.457,13.076,5.78,9.278,0.3,0,0.47,2.111,42.36226445,-8.533504072,,Mediterranean
Pordenone,IT,26,1.1503,10.532,11.683,0.12,1.889,24.96,9.944,0.23,2.667,45.9562503,12.6597197,,Humid subtropical
Pori,FI,20,1.516,4.59,6.106,0.39,5.167,84.56,59.056,0,0,61.565789,21.238038,,Subarctic
Portsmouth,GB,21,0.788,10.215,11.003,2.83,4.222,6.1,2.056,0.06,0.389,50.8036831,-1.075614,,Oceanic
Potenza,IT,27,0.8515,13.713,14.564,1.63,6.389,1.12,1,2.58,3.833,40.6384046,15.8022077,,Oceanic
Potsdam,DE,24,0.9837,9.041,10.025,1.64,6.278,36.33,27.389,0.72,2.778,52.4009309,13.0591397,,Oceanic
Poznan,PL,25,1.1298,8.311,9.441,0.57,3.389,47.32,35.889,0.63,2.611,52.4006522,16.91975202,bigger,Oceanic
Praha,CZ,23,1.131,7.718,8.849,1.23,6.722,51.75,40.944,0.2,1.889,50.0874654,14.4212535,biggest,Oceanic
Preston,GB,18,0.5968,8.883,9.48,1.9,4.722,3.22,2.389,0,0,53.7589938,-2.7051618,,Oceanic
Pristina,XK,25,0.8032,9.518,10.321,0.86,3.556,37.95,33.333,1,3.833,42.664499,21.153381,,Oceanic
Prizren,XK,25,0.709,9.887,10.596,1.35,4.833,33.93,30.5,1.33,4,42.229,20.75,,Oceanic
Przemysl,PL,25,1.1092,7.46,8.569,0.14,2,64.45,53.833,0.35,1.667,49.78355525,22.7885113,,Oceanic
Pula,HR,28,0.9499,14.59,15.54,0.28,7.056,1.96,0.5,7.54,15.278,44.8696242,13.8455452,,Humid subtropical
Pécs,HU,28,0.9292,11.101,12.03,0.53,3.278,32.8,26.778,5.4,10.889,46.0762962,18.228147,,Oceanic
Quimper,FR,20,0.6108,11.543,12.154,4.7,8.111,0.92,0.056,0.06,0.278,47.9960325,-4.1024782,,Oceanic
Radom,PL,25,1.1519,7.782,8.934,0.42,3,58.57,47.389,0.61,2.444,51.41721445,21.16097299,,Oceanic
Randers,DK,21,1.0313,7.694,8.725,1.24,4.722,37.27,26.833,0,0.111,56.471374,9.826215,,Oceanic
Ravenna,IT,28,1.1795,12.951,14.131,0.2,3.778,5.31,2.778,2.19,5.278,44.4161414,12.2017617,,Humid subtropical
Regensburg,DE,24,1.0438,8.716,9.76,1.19,6.278,40.91,30.778,0.45,4.389,49.0195333,12.0974869,,Oceanic
Reims,FR,23,1.0088,10.148,11.157,4.19,8.944,17.49,10.667,0.51,2.333,49.2577886,4.031926,,Oceanic
Rennes,FR,22,0.7666,11.143,11.91,7.25,8.556,8.01,3.444,0.65,1.222,48.1113387,-1.6800198,,Oceanic
Riga,LV,23,1.0902,6.235,7.325,0.45,3.778,74.67,57.5,0,0,56.9716562,24.1665986,bigger,Humid continental
Rijeka,HR,28,0.975,14,14.975,0.07,2.167,4.57,0.944,4.85,11.944,45.3269357,14.4409841,,Oceanic
Rimini,IT,28,1.083,14.669,15.752,0.33,9.778,1.27,0.333,2.83,8,44.0593886,12.5684371,,Humid subtropical
Roanne,FR,23,1.0447,9.643,10.688,3.97,11.778,21.99,17.333,0.45,3.611,46.0363902,4.0738682,,Oceanic
Roma,IT,27,1.0302,13.815,14.845,1.47,8.278,1.27,0.278,2.18,3.889,41.8933203,12.4829321,biggest,Mediterranean
Roman,RO,27,1.2906,8.876,10.167,0.33,2.889,61.09,45.778,2.45,7.167,46.9248758,26.9281768,,Humid continental
Rosenheim,DE,22,1.0119,7.422,8.434,1.1,7.722,53.27,42.5,0.09,1.611,47.8539273,12.127262,,Oceanic
Roskilde,DK,21,1.4476,7.611,9.059,1.33,5.5,40.63,24.611,0,0.056,55.65,12.08,,Oceanic
Rostock,DE,22,1.2852,8.126,9.412,1.32,5.056,37.37,24.889,0.04,0.5,54.0924445,12.1286127,,Oceanic
Rotterdam,NL,22,0.9521,10.018,10.97,4.22,6.722,16.21,9.389,0.32,1.167,51.92779805,4.488623269,bigger,Oceanic
Rouen,FR,21,0.9384,10.369,11.307,5.87,8.056,9,4.389,0.2,0.667,49.4404591,1.0939658,,Oceanic
Rovaniemi,FI,22,1.0959,0.336,1.432,0.45,1,158.44,145,0,0,66.5,25.72,,Subarctic
Ruse,BG,29,1.2531,11.144,12.397,0.26,1.389,36.73,29.833,5.94,11.167,43.8480413,25.9542057,,Humid subtropical
Rzeszów,PL,25,1.1635,8.091,9.255,0.32,3.222,56.06,45.778,0.61,2.5,50.0054493,21.99139717,,Oceanic
Râmnicu Vâlcea,RO,26,1.246,8.68,9.926,0.36,2.389,57.05,46.111,1.18,4.778,45.1031674,24.3646431,,Humid continental
Saarbrücken,DE,23,0.9087,9.246,10.155,3.31,8.889,28.11,21.611,0.43,2.667,49.234362,6.996379,,Oceanic
Saint-Brieuc,FR,19,0.4373,11.407,11.844,3.57,6.333,0.43,0,0,0,48.5141594,-2.7602707,,Oceanic
Saint-Quentin,FR,23,0.9794,10.278,11.258,3.89,7.222,15.84,9,0.47,1.889,49.8486111,3.2863888,,Oceanic
Salamanca,ES,25,0.7081,12.529,13.238,7.59,16.722,1.63,0.5,1.72,5.944,40.9651572,-5.6640182,,Mediterranean
Salerno,IT,27,0.9866,14.106,15.093,1.25,6.167,0.64,0.333,2.42,4.056,40.6801561,14.7596754,,Mediterranean
Salzburg,AT,23,1.0947,7.38,8.475,0.52,4.389,54.83,43.167,0.07,1.833,47.7981346,13.0464806,,Oceanic
San Sebastián,ES,23,0.767,13.645,14.412,2.84,5.722,0.14,0,0.06,0.611,43.3224219,-1.9838889,,Oceanic
Santa Cruz de Tenerife,ES,24,0.6745,19.707,20.382,3.65,22.389,0,0,14.71,30.278,28.4597823,-16.2536378,,Mediterranean
Santander,ES,22,0.6879,11.766,12.453,5.07,6,1.09,0.167,0.16,0.611,43.4623102,-3.8101067,,Oceanic
Santiago de Compostela,ES,22,0.6093,12.639,13.249,6.06,7.722,0.07,0,0.16,1.111,42.8804219,-8.5458608,,Mediterranean
Sarajevo,BA,24,1.1211,8.213,9.334,0.63,4.944,51.85,43.056,0.28,2.722,43.85,18.38,,Oceanic
Sassari,IT,26,0.4621,16.284,16.746,3.18,12.556,0,0,1.7,4.778,40.7232643,8.5610074,,Mediterranean
Satu Mare,RO,27,1.1039,9.427,10.531,0.27,2.889,50.24,42.889,1.97,7.333,47.73319845,22.765542,,Oceanic
Savona,IT,26,1.2264,12.573,13.799,0.59,4,4.83,1.111,0.83,2.389,44.3080251,8.4810315,,Mediterranean
Schweinfurt,DE,23,1.0593,8.088,9.147,1.68,6.556,43.18,32.611,0.26,1.778,50.0499945,10.233302,,Oceanic
Schwerin,DE,22,1.2242,8.257,9.482,1.81,4.722,35.92,22.722,0.03,0.444,53.6288297,11.4148038,,Oceanic
Setúbal,PT,23,0.1545,16.612,16.767,9,11.944,0,0,2.52,4.722,38.51736365,-8.896340729,,Mediterranean
Sevilla,ES,29,1.4391,16.609,18.048,2.65,18.444,0,0,11.44,24.444,37.3886303,-5.9953171,bigger,Mediterranean
Sheffield,GB,20,0.672,9.203,9.875,3.04,4.333,10.04,4.056,0.03,0.167,53.3806626,-1.4702278,bigger,Oceanic
Shkodër,AL,26,0.7446,11.662,12.407,0.99,5.278,15.87,13.556,2.03,6.611,42.068,19.388,,Mediterranean
Shumen,BG,29,1.2309,10.984,12.214,0.17,0.944,37.66,30.444,5.39,10.278,43.2713153,26.9360291,,Oceanic
Siauliai,LT,24,1.0385,6.306,7.344,0.26,2,75.21,57.722,0,0,55.9340823,23.3157775,,Humid continental
Sibiu,RO,25,1.1385,8.074,9.212,0.3,2.167,59.7,49.611,0.51,2.944,45.7973912,24.1519202,,Humid continental
Siedlce,PL,25,1.1879,7.165,8.353,0.26,2.444,67.27,52.611,0.49,1.944,52.1615938,22.2812533,,Oceanic
Siegen,DE,22,1.0106,8.511,9.521,3.41,8.556,34.18,24.667,0.24,1.556,50.8749804,8.0227233,,Oceanic
Sintra,PT,22,0.2459,16.262,16.508,3.43,9.167,0,0,0.24,1.278,38.79846,-9.3881,,Mediterranean
Siracusa,IT,29,0.3266,18.368,18.694,1.29,2.722,0,0,13.26,15,37.0646139,15.2907196,,Mediterranean
Skellefteå,SE,22,1.0023,2.824,3.827,0.44,1.5,127.05,111.333,0,0.111,64.772,20.95,,Subarctic
Skopje,MK,26,0.7468,10.44,11.186,1.14,4.556,31.61,27.389,2.33,5.611,41.999069,21.5,,Oceanic
Skövde,SE,22,1.0131,6.173,7.186,0.77,1.667,67.89,52.944,0.02,0,58.400248,13.789677,,Humid continental
Slavonski Brod,HR,27,1.1018,10.609,11.711,0.67,4.167,35.08,27.167,3.33,8.556,45.1691598,18.0133531,,Oceanic
Sliven,BG,28,1.1537,11.22,12.373,0.45,1.667,31.66,26.556,4.62,8.778,42.6817633,26.3153528,,Oceanic
Slupsk,PL,22,1.098,7.557,8.655,1.34,3.889,45.66,33.778,0.08,0.556,54.46057085,17.02773004,,Oceanic
Sofia,BG,26,0.8847,9.141,10.026,0.43,1.278,47.68,41.167,1.23,3.944,42.6978634,23.3221789,biggest,Oceanic
Sosnowiec,PL,24,1.1761,7.656,8.832,0.38,3.667,56.12,47,0.25,1.667,50.2712295,19.21556195,,Oceanic
Southampton,GB,20,0.7056,10.176,10.881,5.45,7.167,6.89,2.5,0.06,0.222,50.9025349,-1.404189,,Oceanic
Split,HR,27,1.2824,14.182,15.464,0.35,13.5,3.14,1.556,4.72,14.056,43.5115555,16.4396801,,Mediterranean
St. Gallen,CH,19,0.735,5.023,5.758,1.47,6.5,80.05,73.611,0,0,47.4250593,9.3765878,,Oceanic
Stara Zagora,BG,28,1.1546,10.922,12.077,0.53,1.444,34.71,28.333,4.24,8.444,42.4247421,25.6257235,,Humid subtropical
Stargard Szczecinski,PL,24,1.0492,8.235,9.284,0.92,3.389,44.41,33.833,0.49,1.889,53.339557,15.031126,,Oceanic
Stavanger,NO,18,0.8086,4.96,5.768,1.41,4.944,67.04,52.833,0,0,58.9680427,5.7324722,,Oceanic
Stockholm,SE,22,1.0353,6.207,7.242,0.93,2.278,70.71,54.889,0,0,59.3251172,18.0710935,bigger,Oceanic
Stralsund,DE,22,1.2964,8.133,9.429,1.11,5.444,35.54,24.667,0.03,0.556,54.3159851,13.0904622,,Oceanic
Strasbourg,FR,24,1.0265,9.424,10.451,1.83,6.5,28.35,21.222,0.54,3.778,48.584614,7.7507127,,Oceanic
Stuttgart,DE,24,1.0044,9.002,10.006,1.32,5.5,34.39,26.667,0.37,3.833,48.7784485,9.1800132,bigger,Oceanic
Subotica,RS,29,1.0498,11.097,12.147,0.2,1.556,35.12,28.5,6.25,12.111,46.07,19.68,,Oceanic
Suceava,RO,24,1.1884,6.235,7.423,0.22,1.222,83.93,69.111,0.12,0.778,47.5327387,25.8173528,,Humid continental
Sundsvall,SE,21,1.0455,3.861,4.907,0.84,2.278,110.14,90.222,0,0,62.4,17.317,,Subarctic
Suwalki,PL,24,1.1766,6.618,7.795,0.43,2.889,72.75,55.833,0.25,1.278,54.1027125,22.93187822,,Humid continental
Swansea,GB,19,0.5721,9.517,10.089,3.35,4.833,7.42,3,0.02,0.111,51.6211442,-3.9467751,,Oceanic
Swindon,GB,20,0.7304,9.669,10.399,4.78,7.444,10.21,3.833,0.05,0.278,51.5613683,-1.7856853,,Oceanic
Szczecin,PL,24,1.0247,8.418,9.443,0.96,4,41.68,32.111,0.58,2.167,53.4296829,14.59290809,,Oceanic
Szeged,HU,28,1.1224,10.878,12,0.63,4.722,37.49,32.167,5.46,12.056,46.2546312,20.1486016,,Oceanic
Szolnok,HU,28,1.1365,10.533,11.67,0.42,4.333,40.3,34.944,4.29,11.167,47.1754555,20.1946818,,Oceanic
Szombathely,HU,26,1.0354,9.589,10.624,0.4,3.778,40.39,32.333,1.18,6.111,47.2291184,16.6187625,,Oceanic
Talavera de la Reina,ES,29,1.166,14.208,15.374,3.27,13,1.28,0.333,6.41,13.889,39.9611526,-4.830791,,Mediterranean
Tallinn,EE,22,1.0525,5.561,6.614,0.58,4.667,79.39,63.389,0,0.056,59.4372155,24.7453688,,Humid continental
Tampere,FI,23,1.2077,3.668,4.876,0.4,2.056,114.31,95.444,0.01,0.056,61.4980214,23.7603118,,Subarctic
Taranto,IT,29,0.5748,16.699,17.274,0.24,5.056,0,0,5.86,10.556,40.4712427,17.2432278,,Mediterranean
Tarnów,PL,24,1.1898,7.778,8.968,0.58,4.111,57.24,45.611,0.39,1.889,50.0259883,20.96405843,,Oceanic
Tarragona,ES,26,1.0565,14.053,15.109,2.25,8.889,1.08,0.222,2.42,6.222,41.1172364,1.2546057,,Mediterranean
Tartu,EE,24,1.1599,4.891,6.051,0.12,1.444,97.61,78.444,0.07,0.333,58.3727059,26.7237528,,Humid continental
Telde,ES,24,0.7223,20.192,20.914,6.56,34.944,0,0,23.51,41.389,27.9984538,-15.4166761,,Arid
Thessaloniki,GR,30,1.2401,14.564,15.804,0.72,5.889,6.1,3.333,14.53,21.278,40.6403167,22.9352716,big,Mediterranean
Timisoara,RO,28,1.1223,11.138,12.26,0.75,5.056,33.61,27.944,5.32,12.389,45.7538355,21.2257474,big,Oceanic
Tirana,AL,28,0.7423,14.54,15.283,1.58,8.222,3.17,2.167,9.14,14.167,41.327102,19.818218,,Mediterranean
Toledo,ES,30,1.2614,14.342,15.604,1.76,9.722,1.62,0.5,7.11,15.278,39.8560679,-4.0239568,,Mediterranean
Tomaszów Mazowiecki,PL,25,1.1543,7.861,9.016,0.42,3.056,56.41,45.611,0.54,2.556,51.5316918,20.0084195,,Oceanic
Torbay,GB,19,0.4962,10.713,11.209,2.31,3.167,1.1,0.167,0,0,50.446247,-3.539499814,,Oceanic
Torino,IT,22,0.9381,7.272,8.21,0.88,3.278,55.93,45.611,0,0.111,45.0677551,7.6824892,bigger,Humid subtropical
Torun,PL,24,1.1246,7.65,8.775,0.68,3.444,55.28,41.778,0.36,1.444,53.0145361,18.59658314,,Oceanic
Toulon,FR,24,1.0287,11.728,12.757,1.45,9.389,3.69,2.667,0.36,5.278,43.1257311,5.9304919,,Mediterranean
Toulouse,FR,24,0.9443,11.488,12.432,4.92,12.056,7.41,6,1.72,4.611,43.6044622,1.4442469,,Oceanic
Tours,FR,24,0.8603,11.362,12.222,4.58,8.667,9.96,6.389,1.2,3.167,47.3900474,0.6889268,,Oceanic
Tower Hamlets,GB,20,0.8903,10.523,11.413,2.41,6.056,3.23,0.778,0.01,0,51.1288633,1.2986686,,Oceanic
Trapani,IT,28,0.5561,17.935,18.492,0.75,7.389,0,0,8.91,14.944,38.0160543,12.5437475,,Mediterranean
Trencín,SK,25,1.1921,8.659,9.852,0.74,6,48.74,41.222,0.77,4.389,48.8983802,18.06314367,,Oceanic
Trieste,IT,27,1.0723,12.568,13.64,0.29,5.444,8.88,2.167,1,4.889,45.6500335,13.7706559,,Oceanic
Trnava,SK,26,1.2164,9.241,10.457,0.47,5.222,42.96,34.556,0.96,5.444,48.3767652,17.5858175,,Oceanic
Trollhättan,SE,22,1.0591,6.733,7.792,0.65,1.944,58.1,42.944,0.01,0,58.288422,12.232181,,Oceanic
Tromsø,NO,15,0.5433,2.722,3.266,6.07,6.389,107.23,96.278,0,0,69.6492969,18.9548489,,Subarctic
Trondheim,NO,19,0.9767,4.697,5.674,3.06,7.944,75.83,60.611,0,0,63.4305658,10.3951929,,Subarctic
Troyes,FR,24,1.0309,10.332,11.362,2.95,8.056,18.53,12.222,0.74,3.5,48.2971626,4.0746257,,Oceanic
Tulcea,RO,29,1.2018,11.282,12.484,0.12,1.056,34.35,27.111,6.1,11.167,45.0046615,29.06871751,,Oceanic
Turku,FI,22,1.1103,4.726,5.837,0.37,3.111,91.13,75.833,0,0,60.4517531,22.2670522,,Humid continental
Tuzla,BA,26,1.1563,9.421,10.577,0.45,3.444,42.84,35.389,1.04,5.389,44.55,18.68,,Oceanic
Târgoviste,RO,27,1.3002,8.694,9.994,0.18,1.222,60.64,46.611,1.57,4.722,44.9267709,25.462816,,Oceanic
Târgu Jiu,RO,26,1.2164,8.758,9.974,0.37,2.333,55.94,45.556,1.11,5.056,45.0463503,23.28082814,,Humid continental
Târgu Mures,RO,25,1.1733,7.493,8.666,0.17,1.389,66.78,55.444,0.28,2.222,46.5446244,24.5611947,,Humid continental
Ulm,DE,24,0.9401,8.688,9.628,1.06,5.222,38.16,31.722,0.28,3.5,48.3973944,9.9932755,,Oceanic
Umeå,SE,21,1.0918,2.884,3.975,0.59,1.889,124.43,106.167,0,0.056,63.8256568,20.2630745,,Subarctic
Uppsala,SE,22,1.0822,5.771,6.853,1.01,2.222,77.67,59.889,0.01,0,59.8594126,17.64112,,Humid continental
Utrecht,NL,23,0.9402,9.91,10.851,2.8,5.444,18.94,11.667,0.52,1.444,52.08095165,5.127680316,big,Oceanic
Vaasa,FI,22,1.2526,3.84,5.093,0.25,1.722,107.57,86.833,0,0,63.1,21.6,,Subarctic
Valence,FR,23,1.054,9.261,10.315,2.73,11.056,26.49,20.667,0.27,3.778,44.9332277,4.8920811,,Oceanic
Valencia,ES,26,1.0301,13.38,14.41,2,3.944,1.22,0.5,1.67,4.667,39.4699014,-0.3759513,bigger,Mediterranean
Valenciennes,FR,22,0.8731,9.898,10.771,5.45,8.833,18.39,11.5,0.39,1.556,50.3594889,3.5266657,,Oceanic
Valladolid,ES,24,0.8757,11.317,12.193,6.44,13.278,5.78,2.389,0.73,3.333,41.6521328,-4.728562,,Mediterranean
Valletta,MT,29,0.4417,19.284,19.725,0.33,2.778,0,0,30.09,37,35.8989818,14.5136759,,
Varna,BG,29,1.169,11.555,12.724,0.1,0.778,28.1,23.944,5.37,10.278,43.2166104,27.9017131,big,Humid subtropical
Vejle,DK,21,1.4794,7.715,9.194,1.21,5.556,36.41,19.056,0,0.056,55.709,9.535,,Oceanic
Venezia,IT,24,1.124,9.734,10.858,0.69,6.167,29.04,14.778,0.14,1.389,45.4371908,12.3345898,,Humid subtropical
Verona,IT,24,1.0755,9.298,10.373,0.44,3.611,32.25,19.778,0.09,1,45.4384958,10.9924122,,Humid subtropical
Veszprém,HU,27,1.1017,10.132,11.233,0.55,4.222,39.53,33.222,2.72,8.222,47.0916334,17.9116007,,Oceanic
Vidin,BG,29,1.3336,10.826,12.159,0.18,1.556,38.33,30.889,5.3,11.111,44.0004807,22.8833219,,Humid subtropical
Vigo,ES,21,0.1979,14.541,14.739,3.06,5.389,0,0,0.01,0.167,42.2376602,-8.7247205,,Mediterranean
Vila Nova de Gaia,PT,23,0.5946,12.891,13.486,9.09,14.278,0.18,0,1.39,4.167,41.0784891,-8.588727624,,Mediterranean
Villingen-Schwenningen,DE,23,1.028,8.936,9.964,2.19,9.167,33.94,25.722,0.23,3.611,48.0632739,8.494588,,Oceanic
Vilnius,LT,24,1.2958,5.809,7.105,0.22,2.5,85.1,65.5,0,0,54.6870458,25.2829111,bigger,Humid continental
Visby,SE,20,0.9148,7.294,8.209,1.75,9.222,33.18,25.889,0,0,57.63,18.3,,Oceanic
Vitoria,ES,22,0.7937,11.057,11.85,7.6,9.889,4.41,2.611,0.29,1.056,42.8464529,-2.6724097,,Oceanic
Vlorë,AL,28,0.6766,14.404,15.081,0.51,3.833,2.14,1.611,6.87,11.611,40.450792,19.411294,,Mediterranean
Volos,GR,28,0.8074,15.517,16.325,1.28,8.944,0.63,0.5,12.94,18.444,39.3624382,22.9418905,,Mediterranean
Vratsa,BG,28,1.1187,10.658,11.777,0.4,1.944,37.73,31.611,3.95,9,43.2049102,23.5556418,,Oceanic
Västerås,SE,23,1.0196,6.012,7.032,0.59,1.5,77.72,60.278,0.03,0.056,59.6110992,16.5463679,,Humid continental
Växjö,SE,21,0.9708,6.361,7.332,1.49,3.5,62.76,50.444,0,0,56.871,14.825,,Oceanic
Walbrzych,PL,24,1.1518,7.861,9.012,0.77,4.556,52.16,42.667,0.31,2,50.785221,16.28464034,,Oceanic
Warszawa,PL,25,1.1726,7.67,8.842,0.43,2.944,59.71,47.833,0.58,2.333,52.2337172,21.07141113,biggest,Oceanic
Waterford,IE,18,0.1952,10.167,10.362,4.96,5.056,0.63,0.889,0,0,52.2609997,-7.1119081,,Oceanic
Wien,AT,26,1.2586,9.338,10.597,0.33,4.5,41.84,32.278,1.01,5.444,48.2083537,16.3725042,biggest,Oceanic
Wiesbaden,DE,23,0.9637,8.972,9.936,2.92,7.611,31.83,23.167,0.38,2.278,50.0833,8.25,,Oceanic
Winterthur,CH,21,0.7623,6.316,7.079,0.75,4.056,61.34,54.556,0.01,0.333,47.4991723,8.7291498,,Oceanic
Wloclawek,PL,25,1.1431,8.047,9.19,0.5,2.944,52.18,40.556,0.54,2.722,52.6655636,19.09612975,,Oceanic
Wroclaw,PL,25,1.2097,8.169,9.379,0.45,3.556,49.64,40.333,0.43,2.833,51.1263106,16.97819633,bigger,Oceanic
Wuppertal,DE,23,0.9793,8.854,9.834,2.02,6.333,29.91,20.889,0.31,1.611,51.264018,7.1780374,big,Oceanic
Würzburg,DE,24,0.9857,8.928,9.914,1.44,6.333,35.3,26.722,0.47,3.889,49.79245,9.932966,,Oceanic
York,GB,19,0.5844,9.083,9.667,3.46,5.611,5.86,3.167,0.01,0,53.9590555,-1.0815361,,Oceanic
Zadar,HR,27,1.0835,14.572,15.656,0.64,9.889,2.61,0.5,5.1,12.667,44.1187695,15.2320317,,Mediterranean
Zagreb,HR,26,1.1237,10.235,11.358,0.58,5.778,34.81,27.556,1.71,7.222,45.813177,15.977048,bigger,Oceanic
Zalaegerszeg,HU,27,0.865,10.646,11.511,0.42,3.611,32.37,27.167,2.91,8.167,46.8415803,16.8456316,,Oceanic
Zamosc,PL,25,1.1715,7.664,8.836,0.32,3.167,63.4,51.278,0.72,2.667,50.721273,23.2595887,,Oceanic
Zaragoza,ES,26,1.1898,12.454,13.644,4.49,11.889,4.08,2.611,2.06,6.889,41.6521342,-0.8809428,bigger,Semi-arid
Zielona Góra,PL,24,1.0909,8.623,9.714,1.52,6.667,42.82,33.444,0.64,3.611,51.92766315,15.54900542,,Oceanic
Zürich,CH,21,0.7739,7.342,8.116,2.34,8.611,47.63,41.222,0.04,1.444,47.3723957,8.5423216,,Oceanic
Ávila,ES,27,1.0865,12.61,13.696,4.22,15,3.92,2.056,2.5,8.5,40.656478,-4.7002172,,Mediterranean
Évora,PT,27,0.8014,16.47,17.272,8.14,15.389,0,0,11.27,19.333,38.569815,-7.946029,,Mediterranean
Örebro,SE,22,0.9642,5.81,6.774,1.46,2.611,78.55,62.278,0.01,0.056,59.2747378,15.2149988,,Humid continental
Östersund,SE,20,0.8122,2.536,3.349,1.31,2.611,125.72,111.778,0,0,63.183,14.65,,Subarctic
Ústí nad Labem,CZ,24,1.1871,8.047,9.234,0.72,4.5,47.1,36.444,0.25,2.278,50.6684322,14.0408798,,Oceanic